Protocollo;Gruppo;DataOraIncidente;Localizzazione1;STRADA1;Localizzazione2;STRADA2;Strada02;Chilometrica;DaSpecificare;NaturaIncidente;particolaritastrade;TipoStrada;FondoStradale;Pavimentazione;Segnaletica;CondizioneAtmosferica;Traffico;Visibilita;Illuminazione;NUM_FERITI;NUM_RISERVATA;NUM_MORTI;NUM_ILLESI;Longitudine;Latitudine;Confermato;Progressivo;TipoVeicolo;StatoVeicolo;TipoPersona;Sesso;Tipolesione;Deceduto;DecedutoDopo;CinturaCascoUtilizzato;Airbag
1759293;9;09/04/2008 16:20;Strada Urbana;Tangenziale Est;da specificare;;;;prossimità ex pantanella;Scontro laterale fra veicoli in marcia;Rettilineo;Una carreggiata a senso unico di marcia;Asciutto;Asfaltata;Assente;Sereno;Intenso;Buona;Ore Diurne;0;0;0;2;;;-1;1;Autovettura privata;In marcia / fermata / arresto;Conducente;F;Illeso;0;;Utilizzato;Inesistente
1759293;9;09/04/2008 16:20;Strada Urbana;Tangenziale Est;da specificare;;;;prossimità ex pantanella;Scontro laterale fra veicoli in marcia;Rettilineo;Una carreggiata a senso unico di marcia;Asciutto;Asfaltata;Assente;Sereno;Intenso;Buona;Ore Diurne;0;0;0;2;;;-1;2;Autovettura privata;In marcia / fermata / arresto;Conducente;F;Illeso;0;;Utilizzato;Inesistente
1759294;9;09/04/2008 18:30;Strada Urbana;VIA APPIA NUOVA;in corrispondenza;;del civico n. ;541/a;;Infortunio per caduta del veicolo;Rettilineo;Una carreggiata a senso unico di marcia;Asciutto;Asfaltata;Assente;Sereno;Intenso;Buona;Ore Diurne;0;0;0;3;;;-1;1;Autovettura privata;In marcia / fermata / arresto;Conducente;M;Illeso;0;;Non accertato;Inesistente
1759294;9;09/04/2008 18:30;Strada Urbana;VIA APPIA NUOVA;in corrispondenza;;del civico n. ;541/a;;Infortunio per caduta del veicolo;Rettilineo;Una carreggiata a senso unico di marcia;Asciutto;Asfaltata;Assente;Sereno;Intenso;Buona;Ore Diurne;0;0;0;3;;;-1;1;Autovettura privata;In marcia / fermata / arresto;Passeggero;M;Illeso;0;;Non accertato;Inesistente
1759294;9;09/04/2008 18:30;Strada Urbana;VIA APPIA NUOVA;in corrispondenza;;del civico n. ;541/a;;Infortunio per caduta del veicolo;Rettilineo;Una carreggiata a senso unico di marcia;Asciutto;Asfaltata;Assente;Sereno;Intenso;Buona;Ore Diurne;0;0;0;3;;;-1;2;Motociclo a solo;In marcia / fermata / arresto;Conducente;M;Illeso;0;;Non accertato;Inesistente
1759295;10;09/04/2008 11:10;Statale;VIA TUSCOLANA;da specificare;;;;KM 15,700;Scontro frontale/laterale SX fra veicoli in marcia;Rettilineo;Più di due carreggiate;Asciutto;Asfaltata;Verticale ed orizzontale;Nuvoloso;Normale;Buona;Ore Diurne;1;0;0;1;;;-1;1;Autovettura privata;In marcia / fermata / arresto;Conducente;M;Ricoverato;0;NON DECEDUTO;Non accertato;Esploso
1759295;10;09/04/2008 11:10;Statale;VIA TUSCOLANA;da specificare;;;;KM 15,700;Scontro frontale/laterale SX fra veicoli in marcia;Rettilineo;Più di due carreggiate;Asciutto;Asfaltata;Verticale ed orizzontale;Nuvoloso;Normale;Buona;Ore Diurne;1;0;0;1;;;-1;2;Autocarro superiore 35 q.;In marcia / fermata / arresto;Conducente;M;Illeso;0;;Non accertato;Inesistente
1759296;10;10/04/2008 00:45;Strada Urbana;VIA ANAGNINA;all'intersezione con;VIA DI ACQUA ACETOSA ANAGNINA;VIA DI ACQUA ACETOSA ANAGNINA;;;Scontro frontale/laterale DX fra veicoli in marcia;Intersezione stradale segnalata;Due carreggiate;Asciutto;Asfaltata;Verticale;Nuvoloso;Scarso;Sufficiente;Sufficiente;2;0;0;2;;;-1;1;Autovettura privata;In marcia / fermata / arresto;Conducente;M;Illeso;0;;Non accertato;Inesistente
1759296;10;10/04/2008 00:45;Strada Urbana;VIA ANAGNINA;all'intersezione con;VIA DI ACQUA ACETOSA ANAGNINA;VIA DI ACQUA ACETOSA ANAGNINA;;;Scontro frontale/laterale DX fra veicoli in marcia;Intersezione stradale segnalata;Due carreggiate;Asciutto;Asfaltata;Verticale;Nuvoloso;Scarso;Sufficiente;Sufficiente;2;0;0;2;;;-1;1;Autovettura privata;In marcia / fermata / arresto;Passeggero;M;Rimandato;0;NON DECEDUTO;Non accertato;Inesistente
1759296;10;10/04/2008 00:45;Strada Urbana;VIA ANAGNINA;all'intersezione con;VIA DI ACQUA ACETOSA ANAGNINA;VIA DI ACQUA ACETOSA ANAGNINA;;;Scontro frontale/laterale DX fra veicoli in marcia;Intersezione stradale segnalata;Due carreggiate;Asciutto;Asfaltata;Verticale;Nuvoloso;Scarso;Sufficiente;Sufficiente;2;0;0;2;;;-1;2;Autovettura privata;In marcia / fermata / arresto;Conducente;M;Illeso;0;;Non accertato;Inesistente
1759296;10;10/04/2008 00:45;Strada Urbana;VIA ANAGNINA;all'intersezione con;VIA DI ACQUA ACETOSA ANAGNINA;VIA DI ACQUA ACETOSA ANAGNINA;;;Scontro frontale/laterale DX fra veicoli in marcia;Intersezione stradale segnalata;Due carreggiate;Asciutto;Asfaltata;Verticale;Nuvoloso;Scarso;Sufficiente;Sufficiente;2;0;0;2;;;-1;2;Autovettura privata;In marcia / fermata / arresto;Passeggero;M;Rifiuta cure immediate;0;NON DECEDUTO;Non accertato;Inesistente
1759306;11;01/04/2008 18:00;Strada Urbana;VIA PELLEGRINO MATTEUCCI;all'intersezione con;VIA GIACOMO BOVE;VIA GIACOMO BOVE;;;Tamponamento Multiplo;Incrocio;Due carreggiate;Asciutto;Asfaltata;Verticale ed orizzontale;Sereno;Intenso;Buona;Ore Diurne;0;0;0;6;;;-1;1;Autovettura privata;In marcia / fermata / arresto;Conducente;F;Illeso;0;;Non accertato;Inesistente
1759306;11;01/04/2008 18:00;Strada Urbana;VIA PELLEGRINO MATTEUCCI;all'intersezione con;VIA GIACOMO BOVE;VIA GIACOMO BOVE;;;Tamponamento Multiplo;Incrocio;Due carreggiate;Asciutto;Asfaltata;Verticale ed orizzontale;Sereno;Intenso;Buona;Ore Diurne;0;0;0;6;;;-1;1;Autovettura privata;In marcia / fermata / arresto;Passeggero;F;Illeso;0;;Non accertato;Inesistente
1759306;11;01/04/2008 18:00;Strada Urbana;VIA PELLEGRINO MATTEUCCI;all'intersezione con;VIA GIACOMO BOVE;VIA GIACOMO BOVE;;;Tamponamento Multiplo;Incrocio;Due carreggiate;Asciutto;Asfaltata;Verticale ed orizzontale;Sereno;Intenso;Buona;Ore Diurne;0;0;0;6;;;-1;1;Autovettura privata;In marcia / fermata / arresto;Passeggero;F;Illeso;0;;Non accertato;Inesistente
1759306;11;01/04/2008 18:00;Strada Urbana;VIA PELLEGRINO MATTEUCCI;all'intersezione con;VIA GIACOMO BOVE;VIA GIACOMO BOVE;;;Tamponamento Multiplo;Incrocio;Due carreggiate;Asciutto;Asfaltata;Verticale ed orizzontale;Sereno;Intenso;Buona;Ore Diurne;0;0;0;6;;;-1;1;Autovettura privata;In marcia / fermata / arresto;Passeggero;M;Illeso;0;;Non accertato;Inesistente
1759306;11;01/04/2008 18:00;Strada Urbana;VIA PELLEGRINO MATTEUCCI;all'intersezione con;VIA GIACOMO BOVE;VIA GIACOMO BOVE;;;Tamponamento Multiplo;Incrocio;Due carreggiate;Asciutto;Asfaltata;Verticale ed orizzontale;Sereno;Intenso;Buona;Ore Diurne;0;0;0;6;;;-1;2;Autovettura privata;In marcia / fermata / arresto;Conducente;M;Illeso;0;;Non accertato;Inesistente
1759306;11;01/04/2008 18:00;Strada Urbana;VIA PELLEGRINO MATTEUCCI;all'intersezione con;VIA GIACOMO BOVE;VIA GIACOMO BOVE;;;Tamponamento Multiplo;Incrocio;Due carreggiate;Asciutto;Asfaltata;Verticale ed orizzontale;Sereno;Intenso;Buona;Ore Diurne;0;0;0;6;;;-1;3;Autovettura privata;In marcia / fermata / arresto;Conducente;M;Illeso;0;;Non accertato;Inesistente
1759307;11;09/04/2008 03:30;Strada Urbana;VIALE ERMINIO SPALLA;in prossimità;;del civico n. ;fr.386;;Fuoriuscita dalla sede stradale;Curva a visuale libera;Due carreggiate;Bagnato (pioggia);Asfaltata;Orizzontale;Nuvoloso;Scarso;Buona;Sufficiente;1;0;0;0;;;-1;1;Autovettura privata;In marcia / fermata / arresto;Conducente;M;Rimandato;0;NON DECEDUTO;Utilizzato;Inesistente
1759308;12;08/04/2008 07:45;Strada Urbana;VIALE DELL'AERONAUTICA;in prossimità;;del civico n. ;26;;Infortunio per caduta del veicolo;Rettilineo;Due carreggiate;Asciutto;Asfaltata;Verticale ed orizzontale;Nuvoloso;Normale;Buona;Ore Diurne;1;0;0;1;;;-1;1;Motociclo a solo;In marcia / fermata / arresto;Conducente;M;Rimandato;0;NON DECEDUTO;Utilizzato;Inesistente
1759308;12;08/04/2008 07:45;Strada Urbana;VIALE DELL'AERONAUTICA;in prossimità;;del civico n. ;26;;Infortunio per caduta del veicolo;Rettilineo;Due carreggiate;Asciutto;Asfaltata;Verticale ed orizzontale;Nuvoloso;Normale;Buona;Ore Diurne;1;0;0;1;;;-1;2;Autovettura privata;In marcia / fermata / arresto;Conducente;M;Illeso;0;;Utilizzato;Inesploso
1759309;12;08/04/2008 12:20;Strada Urbana;VIA LAURENTINA;da specificare;;;;fronte civ. 571;Infortunio per sola frenata improvvisa;Rettilineo;Due carreggiate;Bagnato (pioggia);Asfaltata;Verticale ed orizzontale;Nuvoloso;Intenso;Buona;Ore Diurne;0;0;0;1;;;-1;1;Motociclo a solo;In marcia / fermata / arresto;Conducente;M;Illeso;0;;Utilizzato;Inesistente
1759310;12;08/04/2008 18:00;Strada Urbana;VIA CARLO EMILIO GADDA;in prossimità;;del civico n. ;47;;Scontro frontale/laterale SX fra veicoli in marcia;Rettilineo;Una carreggiata a doppio senso;Bagnato (pioggia);Asfaltata;Verticale ed orizzontale;Pioggia in atto;Scarso;Buona;Ore Diurne;0;0;0;1;;;-1;1;Autovettura privata;In marcia / fermata / arresto;Conducente;M;Illeso;0;;Utilizzato;Inesistente
1759311;12;08/04/2008 18:30;Strada Urbana;PIAZZALE GIULIO DOUHET;all'intersezione con;VIALE DELL'AERONAUTICA;VIALE DELL'AERONAUTICA;;;Tamponamento;Intersezione semaforizzata;Una carreggiata a senso unico di marcia;Bagnato (pioggia);Asfaltata;Verticale ed orizzontale;Pioggia in atto;Intenso;Buona;Ore Diurne;0;0;0;2;;;-1;1;Motociclo a solo;In marcia / fermata / arresto;Conducente;F;Illeso;0;;Utilizzato;Inesistente
1759311;12;08/04/2008 18:30;Strada Urbana;PIAZZALE GIULIO DOUHET;all'intersezione con;VIALE DELL'AERONAUTICA;VIALE DELL'AERONAUTICA;;;Tamponamento;Intersezione semaforizzata;Una carreggiata a senso unico di marcia;Bagnato (pioggia);Asfaltata;Verticale ed orizzontale;Pioggia in atto;Intenso;Buona;Ore Diurne;0;0;0;2;;;-1;2;Autovettura privata;In marcia / fermata / arresto;Conducente;F;Illeso;0;;Utilizzato;Inesistente
1759312;12;09/04/2008 09:30;Strada Urbana;VIA LAURENTINA;all'intersezione con;VIA DI ACQUA ACETOSA OSTIENSE;VIA DI ACQUA ACETOSA OSTIENSE;;;Scontro laterale fra veicoli in marcia;Rotatoria;Due carreggiate;Asciutto;Asfaltata;Verticale ed orizzontale;Sereno;Intenso;Buona;Ore Diurne;0;0;0;2;;;-1;1;Autovettura privata;In marcia / fermata / arresto;Conducente;F;Illeso;0;;Utilizzato;Inesistente
1759312;12;09/04/2008 09:30;Strada Urbana;VIA LAURENTINA;all'intersezione con;VIA DI ACQUA ACETOSA OSTIENSE;VIA DI ACQUA ACETOSA OSTIENSE;;;Scontro laterale fra veicoli in marcia;Rotatoria;Due carreggiate;Asciutto;Asfaltata;Verticale ed orizzontale;Sereno;Intenso;Buona;Ore Diurne;0;0;0;2;;;-1;2;Altro;In marcia / fermata / arresto;Conducente;F;Illeso;0;;Utilizzato;Inesistente
1759313;13;09/04/2008 10:20;Strada Urbana;VIA DI MALAFEDE;da specificare;;;;dopo l'intersezione con Via M. Troisi  ;Fuoriuscita dalla sede stradale;Curva senza visuale libera;Una carreggiata a doppio senso;Asciutto;Asfaltata;Assente;Sereno;Normale;Buona;Ore Diurne;0;0;0;1;;;-1;1;Autocarro superiore 35 q.;In marcia / fermata / arresto;Conducente;M;Illeso;0;;Non accertato;Inesistente
1759314;13;09/04/2008 10:45;Strada Urbana;VIA OSTIENSE;all'intersezione semaforizzata con;VIA DI CASTEL FUSANO;VIA DI CASTEL FUSANO;;;Scontro frontale/laterale DX fra veicoli in marcia;Intersezione semaforizzata;Una carreggiata a doppio senso;Asciutto;Asfaltata;Verticale ed orizzontale;Nuvoloso;Intenso;Buona;Ore Diurne;1;0;0;1;;;-1;1;Autovettura privata;In marcia / fermata / arresto;Conducente;M;Illeso;0;;Non accertato;Inesistente
1759314;13;09/04/2008 10:45;Strada Urbana;VIA OSTIENSE;all'intersezione semaforizzata con;VIA DI CASTEL FUSANO;VIA DI CASTEL FUSANO;;;Scontro frontale/laterale DX fra veicoli in marcia;Intersezione semaforizzata;Una carreggiata a doppio senso;Asciutto;Asfaltata;Verticale ed orizzontale;Nuvoloso;Intenso;Buona;Ore Diurne;1;0;0;1;;;-1;2;Motociclo a solo;In marcia / fermata / arresto;Conducente;M;Rimandato;0;NON DECEDUTO;Utilizzato;Inesistente
1759315;13;09/04/2008 11:00;Strada Urbana;LARGO ARCHILOCO;da specificare;;;;-;Scontro frontale/laterale SX fra veicoli in marcia;Rettilineo;Una carreggiata a doppio senso;Asciutto;Asfaltata;Verticale ed orizzontale;Nuvoloso;Normale;Sufficiente;Ore Diurne;1;0;0;1;;;-1;1;Autocarro inferiore 35 q.;In marcia / fermata / arresto;Conducente;M;Illeso;0;;Non accertato;Inesploso
1759315;13;09/04/2008 11:00;Strada Urbana;LARGO ARCHILOCO;da specificare;;;;-;Scontro frontale/laterale SX fra veicoli in marcia;Rettilineo;Una carreggiata a doppio senso;Asciutto;Asfaltata;Verticale ed orizzontale;Nuvoloso;Normale;Sufficiente;Ore Diurne;1;0;0;1;;;-1;2;Autovettura privata;In marcia / fermata / arresto;Conducente;F;Rimandato;0;NON DECEDUTO;Non accertato;Inesploso
1759316;13;09/04/2008 13:00;Strada Urbana;VIA DELLE ANTILLE;all'intersezione con;VIA DELLE BALEARI;VIA DELLE BALEARI;;;Scontro laterale fra veicoli in marcia;Incrocio;Una carreggiata a senso unico di marcia;Asciutto;Asfaltata;Verticale;Sereno;Normale;Buona;Ore Diurne;0;0;0;2;;;-1;1;Autovettura privata;In marcia / fermata / arresto;Conducente;F;Illeso;0;;Non accertato;Inesistente
1759316;13;09/04/2008 13:00;Strada Urbana;VIA DELLE ANTILLE;all'intersezione con;VIA DELLE BALEARI;VIA DELLE BALEARI;;;Scontro laterale fra veicoli in marcia;Incrocio;Una carreggiata a senso unico di marcia;Asciutto;Asfaltata;Verticale;Sereno;Normale;Buona;Ore Diurne;0;0;0;2;;;-1;2;Motociclo a solo;In marcia / fermata / arresto;Conducente;M;Illeso;0;;Non accertato;Inesistente
1759317;13;09/04/2008 16:20;Strada Urbana;VIALE PRASSILLA;da specificare;;;;altezza CHIESA;Scontro frontale/laterale DX fra veicoli in marcia;Rettilineo;Due carreggiate;Asciutto;Asfaltata;Verticale ed orizzontale;Sereno;Normale;Buona;Ore Diurne;0;0;0;2;;;-1;1;Autovettura privata;In marcia / fermata / arresto;Conducente;M;Illeso;0;;Non accertato;Inesistente
1759317;13;09/04/2008 16:20;Strada Urbana;VIALE PRASSILLA;da specificare;;;;altezza CHIESA;Scontro frontale/laterale DX fra veicoli in marcia;Rettilineo;Due carreggiate;Asciutto;Asfaltata;Verticale ed orizzontale;Sereno;Normale;Buona;Ore Diurne;0;0;0;2;;;-1;2;Autovettura privata;In marcia / fermata / arresto;Conducente;F;Illeso;0;;Non accertato;Inesploso
1759318;15;09/04/2008 08:20;Strada Urbana;PIAZZA DELLA RADIO;in prossimità;;del civico n. ;70;;Scontro laterale fra veicoli in marcia;Rettilineo;Due carreggiate;Asciutto;Asfaltata;Verticale ed orizzontale;Sereno;Normale;Buona;Ore Diurne;0;0;0;2;;;-1;1;Autovettura privata;In marcia / fermata / arresto;Conducente;F;Illeso;0;;Utilizzato;Inesistente
1759318;15;09/04/2008 08:20;Strada Urbana;PIAZZA DELLA RADIO;in prossimità;;del civico n. ;70;;Scontro laterale fra veicoli in marcia;Rettilineo;Due carreggiate;Asciutto;Asfaltata;Verticale ed orizzontale;Sereno;Normale;Buona;Ore Diurne;0;0;0;2;;;-1;2;Motociclo a solo;In marcia / fermata / arresto;Conducente;M;Illeso;0;;Utilizzato;Inesistente
1759319;15;09/04/2008 10:20;Strada Urbana;VIA PORTUENSE;in prossimità;;del civico n. ;301/B;;Tamponamento Multiplo;Curva a visuale libera;Una carreggiata a doppio senso;Asciutto;Asfaltata;Assente;Sereno;Normale;Buona;Ore Diurne;0;0;0;3;;;-1;1;Autovettura privata;In marcia / fermata / arresto;Conducente;F;Illeso;0;;Utilizzato;Inesistente
1759319;15;09/04/2008 10:20;Strada Urbana;VIA PORTUENSE;in prossimità;;del civico n. ;301/B;;Tamponamento Multiplo;Curva a visuale libera;Una carreggiata a doppio senso;Asciutto;Asfaltata;Assente;Sereno;Normale;Buona;Ore Diurne;0;0;0;3;;;-1;2;Autovettura privata;In marcia / fermata / arresto;Conducente;M;Illeso;0;;Utilizzato;Inesistente
1759319;15;09/04/2008 10:20;Strada Urbana;VIA PORTUENSE;in prossimità;;del civico n. ;301/B;;Tamponamento Multiplo;Curva a visuale libera;Una carreggiata a doppio senso;Asciutto;Asfaltata;Assente;Sereno;Normale;Buona;Ore Diurne;0;0;0;3;;;-1;3;Autovettura privata;In marcia / fermata / arresto;Conducente;F;Illeso;0;;Utilizzato;Inesistente
1759320;15;09/04/2008 16:00;Strada Urbana;LARGO VOLONTARI DEL SANGUE;all'intersezione con;VIA PORTUENSE;VIA PORTUENSE;;;Scontro laterale fra veicoli in marcia;Intersezione stradale segnalata;Una carreggiata a doppio senso;Asciutto;Asfaltata;Verticale ed orizzontale;Nuvoloso;Normale;Buona;Ore Diurne;0;0;0;2;;;-1;1;Autovettura privata;In marcia / fermata / arresto;Conducente;M;Illeso;0;;Utilizzato;Inesistente
1759320;15;09/04/2008 16:00;Strada Urbana;LARGO VOLONTARI DEL SANGUE;all'intersezione con;VIA PORTUENSE;VIA PORTUENSE;;;Scontro laterale fra veicoli in marcia;Intersezione stradale segnalata;Una carreggiata a doppio senso;Asciutto;Asfaltata;Verticale ed orizzontale;Nuvoloso;Normale;Buona;Ore Diurne;0;0;0;2;;;-1;2;Autovettura pubblica;In marcia / fermata / arresto;Conducente;M;Illeso;0;;Utilizzato;Inesistente
1759321;15;09/04/2008 16:00;Strada Urbana;VIA DELLA MAGLIANA;da specificare;;;;altezza Stazione FF.SS.Muratella;Infortunio per caduta del veicolo;Rettilineo;Una carreggiata a doppio senso;Asciutto;Asfaltata;Orizzontale;Sereno;Normale;Buona;Ore Diurne;0;0;0;2;;;-1;1;Autovettura privata;In marcia / fermata / arresto;Conducente;M;Illeso;0;;Utilizzato;Inesistente
1759321;15;09/04/2008 16:00;Strada Urbana;VIA DELLA MAGLIANA;da specificare;;;;altezza Stazione FF.SS.Muratella;Infortunio per caduta del veicolo;Rettilineo;Una carreggiata a doppio senso;Asciutto;Asfaltata;Orizzontale;Sereno;Normale;Buona;Ore Diurne;0;0;0;2;;;-1;2;Velocipede;In marcia / fermata / arresto;Conducente;M;Illeso;0;;Utilizzato;Inesistente
1759322;15;09/04/2008 18:00;Strada Urbana;VIA DELLA MAGLIANA;all'intersezione con;VIA DELLE IDROVORE DELLA MAGLIANA;VIA DELLE IDROVORE DELLA MAGLIANA;;;Scontro frontale/laterale DX fra veicoli in marcia;Incrocio;Una carreggiata a doppio senso;Asciutto;Asfaltata;Verticale ed orizzontale;Sereno;Intenso;Buona;Ore Diurne;1;0;0;1;;;-1;1;Autovettura privata;In marcia / fermata / arresto;Conducente;M;Illeso;0;;Non accertato;Inesistente
1759322;15;09/04/2008 18:00;Strada Urbana;VIA DELLA MAGLIANA;all'intersezione con;VIA DELLE IDROVORE DELLA MAGLIANA;VIA DELLE IDROVORE DELLA MAGLIANA;;;Scontro frontale/laterale DX fra veicoli in marcia;Incrocio;Una carreggiata a doppio senso;Asciutto;Asfaltata;Verticale ed orizzontale;Sereno;Intenso;Buona;Ore Diurne;1;0;0;1;;;-1;2;Ciclomotore;In marcia / fermata / arresto;Conducente;F;Rimandato;0;NON DECEDUTO;Utilizzato;Inesistente
1759323;15;09/04/2008 23:00;Strada Urbana;VIA DELLA MAGLIANA;in prossimità;;del civico n. ;297;;Veicolo in marcia contro ostacolo fisso;Rettilineo;Una carreggiata a doppio senso;Asciutto;Asfaltata;Orizzontale;Nuvoloso;Scarso;Buona;Sufficiente;0;0;0;1;;;-1;1;Autovettura privata;In marcia / fermata / arresto;Conducente;M;Illeso;0;;Utilizzato;Inesistente
1759325;18;09/04/2008 08:20;Strada Urbana;PIAZZA DI VILLA CARPEGNA;all'intersezione semaforizzata con;VIA DI TORRE ROSSA;VIA DI TORRE ROSSA;;;Scontro laterale fra veicoli in marcia;Intersezione semaforizzata;Più di due carreggiate;Asciutto;Asfaltata;Verticale ed orizzontale;Nuvoloso;Intenso;Buona;Ore Diurne;1;0;0;1;;;-1;1;Ciclomotore;In marcia / fermata / arresto;Conducente;F;Rifiuta cure immediate;0;NON DECEDUTO;Non accertato;Inesistente
1759325;18;09/04/2008 08:20;Strada Urbana;PIAZZA DI VILLA CARPEGNA;all'intersezione semaforizzata con;VIA DI TORRE ROSSA;VIA DI TORRE ROSSA;;;Scontro laterale fra veicoli in marcia;Intersezione semaforizzata;Più di due carreggiate;Asciutto;Asfaltata;Verticale ed orizzontale;Nuvoloso;Intenso;Buona;Ore Diurne;1;0;0;1;;;-1;2;Autocarro inferiore 35 q.;In marcia / fermata / arresto;Conducente;M;Illeso;0;;Non accertato;Inesistente
1759326;18;09/04/2008 17:15;Strada Urbana;VIA AURELIA;in corrispondenza;;del civico n. ;392;;Investimento di pedone;Rettilineo;Una carreggiata a doppio senso;Asciutto;Asfaltata;Verticale ed orizzontale;Nuvoloso;Intenso;Buona;Ore Diurne;2;0;0;1;;;-1;;;;Pedone;M;Ricoverato;0;NON DECEDUTO;;
1759326;18;09/04/2008 17:15;Strada Urbana;VIA AURELIA;in corrispondenza;;del civico n. ;392;;Investimento di pedone;Rettilineo;Una carreggiata a doppio senso;Asciutto;Asfaltata;Verticale ed orizzontale;Nuvoloso;Intenso;Buona;Ore Diurne;2;0;0;1;;;-1;1;Motociclo a solo;In marcia / fermata / arresto;Conducente;M;Rimandato;0;NON DECEDUTO;Non accertato;Inesistente
1759326;18;09/04/2008 17:15;Strada Urbana;VIA AURELIA;in corrispondenza;;del civico n. ;392;;Investimento di pedone;Rettilineo;Una carreggiata a doppio senso;Asciutto;Asfaltata;Verticale ed orizzontale;Nuvoloso;Intenso;Buona;Ore Diurne;2;0;0;1;;;-1;2;Autovettura privata;In marcia / fermata / arresto;Conducente;M;Illeso;0;;Non accertato;Inesistente
1759327;18;10/04/2008 01:10;Strada Urbana;VIA DOMENICO TARDINI;all'intersezione con;VIA NOSTRA SIGNORA DI LOURDES;VIA NOSTRA SIGNORA DI LOURDES;;;Scontro frontale/laterale DX fra veicoli in marcia;Intersezione non regolata/non segnalata;Una carreggiata a senso unico di marcia;Asciutto;Asfaltata;Verticale ed orizzontale;Nuvoloso;Scarso;Sufficiente;Sufficiente;1;0;0;4;;;-1;1;Autovettura privata;In marcia / fermata / arresto;Conducente;F;Illeso;0;;Non accertato;Inesistente
1759327;18;10/04/2008 01:10;Strada Urbana;VIA DOMENICO TARDINI;all'intersezione con;VIA NOSTRA SIGNORA DI LOURDES;VIA NOSTRA SIGNORA DI LOURDES;;;Scontro frontale/laterale DX fra veicoli in marcia;Intersezione non regolata/non segnalata;Una carreggiata a senso unico di marcia;Asciutto;Asfaltata;Verticale ed orizzontale;Nuvoloso;Scarso;Sufficiente;Sufficiente;1;0;0;4;;;-1;1;Autovettura privata;In marcia / fermata / arresto;Passeggero;F;Illeso;0;;Non accertato;Inesistente
1759327;18;10/04/2008 01:10;Strada Urbana;VIA DOMENICO TARDINI;all'intersezione con;VIA NOSTRA SIGNORA DI LOURDES;VIA NOSTRA SIGNORA DI LOURDES;;;Scontro frontale/laterale DX fra veicoli in marcia;Intersezione non regolata/non segnalata;Una carreggiata a senso unico di marcia;Asciutto;Asfaltata;Verticale ed orizzontale;Nuvoloso;Scarso;Sufficiente;Sufficiente;1;0;0;4;;;-1;1;Autovettura privata;In marcia / fermata / arresto;Passeggero;M;Illeso;0;;Non accertato;Inesistente
1759327;18;10/04/2008 01:10;Strada Urbana;VIA DOMENICO TARDINI;all'intersezione con;VIA NOSTRA SIGNORA DI LOURDES;VIA NOSTRA SIGNORA DI LOURDES;;;Scontro frontale/laterale DX fra veicoli in marcia;Intersezione non regolata/non segnalata;Una carreggiata a senso unico di marcia;Asciutto;Asfaltata;Verticale ed orizzontale;Nuvoloso;Scarso;Sufficiente;Sufficiente;1;0;0;4;;;-1;2;Motociclo a solo;In marcia / fermata / arresto;Conducente;M;Rimandato;0;NON DECEDUTO;Non accertato;Inesistente
1759328;18;10/04/2008 07:15;Statale;VIA AURELIA;in prossimità;;della chilometrica ;13,9;;Tamponamento Multiplo;Rettilineo;Due carreggiate;Asciutto;Asfaltata;Verticale ed orizzontale;Sereno;Normale;Buona;Ore Diurne;1;0;0;2;;;-1;1;Autovettura privata;In marcia / fermata / arresto;Conducente;M;Illeso;0;;Utilizzato;Esploso
1759328;18;10/04/2008 07:15;Statale;VIA AURELIA;in prossimità;;della chilometrica ;13,9;;Tamponamento Multiplo;Rettilineo;Due carreggiate;Asciutto;Asfaltata;Verticale ed orizzontale;Sereno;Normale;Buona;Ore Diurne;1;0;0;2;;;-1;2;Autovettura privata;In marcia / fermata / arresto;Conducente;F;Rimandato;0;NON DECEDUTO;Non accertato;Inesploso
1759328;18;10/04/2008 07:15;Statale;VIA AURELIA;in prossimità;;della chilometrica ;13,9;;Tamponamento Multiplo;Rettilineo;Due carreggiate;Asciutto;Asfaltata;Verticale ed orizzontale;Sereno;Normale;Buona;Ore Diurne;1;0;0;2;;;-1;3;Autovettura privata;In marcia / fermata / arresto;Conducente;M;Illeso;0;;Utilizzato;Inesploso
1759329;18;10/04/2008 10:25;Strada Urbana;VIA ANASTASIO II;all'intersezione con;VIA PIETRO CIRIACI;VIA PIETRO CIRIACI;;;Scontro frontale/laterale DX fra veicoli in marcia;Intersezione stradale segnalata;Due carreggiate;Asciutto;Asfaltata;Verticale ed orizzontale;Sereno;Normale;Buona;Ore Diurne;1;0;0;2;;;-1;1;Autovettura privata;In marcia / fermata / arresto;Conducente;F;Illeso;0;;Utilizzato;Inesistente
1759329;18;10/04/2008 10:25;Strada Urbana;VIA ANASTASIO II;all'intersezione con;VIA PIETRO CIRIACI;VIA PIETRO CIRIACI;;;Scontro frontale/laterale DX fra veicoli in marcia;Intersezione stradale segnalata;Due carreggiate;Asciutto;Asfaltata;Verticale ed orizzontale;Sereno;Normale;Buona;Ore Diurne;1;0;0;2;;;-1;1;Autovettura privata;In marcia / fermata / arresto;Passeggero;M;Illeso;0;;Non accertato;Inesistente
1759329;18;10/04/2008 10:25;Strada Urbana;VIA ANASTASIO II;all'intersezione con;VIA PIETRO CIRIACI;VIA PIETRO CIRIACI;;;Scontro frontale/laterale DX fra veicoli in marcia;Intersezione stradale segnalata;Due carreggiate;Asciutto;Asfaltata;Verticale ed orizzontale;Sereno;Normale;Buona;Ore Diurne;1;0;0;2;;;-1;2;Velocipede;In marcia / fermata / arresto;Conducente;M;Rimandato;0;NON DECEDUTO;Non utilizzato;Inesistente